cpu_usage,memory_usage,latency,packet_loss,bandwidth,device_type,location,health_status
53,51,110,3.2,55,Firewall,HQ,Critical
79,19,95,3.27,71,Router,Datacenter,Critical
79,54,90,1.62,55,Router,Branch Office,Warning
44,58,57,4.11,95,Switch,Branch Office,Critical
43,39,87,1.31,96,Firewall,Branch Office,Warning
72,37,48,3.41,44,Firewall,HQ,Critical
95,42,107,4.13,77,Firewall,HQ,Critical
50,48,83,1.41,44,Firewall,Branch Office,Warning
18,76,4,1.57,55,Switch,Datacenter,Warning
10,51,47,2.57,19,Firewall,Datacenter,Warning
71,56,63,1.37,88,Switch,Datacenter,Warning
59,46,10,3.99,39,Router,Branch Office,Critical
34,52,105,3.21,94,Router,Branch Office,Critical
66,32,83,3.97,90,Switch,Datacenter,Critical
27,22,91,2.96,66,Switch,HQ,Critical
98,67,20,0.23,48,Switch,HQ,Critical
74,30,53,1.04,43,Firewall,Datacenter,Warning
89,71,107,2.89,57,Router,HQ,Critical
44,75,16,3.09,47,Router,Branch Office,Critical
73,28,84,0.85,36,Firewall,Datacenter,Warning
46,84,45,3.72,25,Switch,Branch Office,Critical
30,22,105,1.09,25,Router,HQ,Critical
58,65,97,4.01,23,Switch,Branch Office,Critical
32,88,85,2.98,85,Switch,HQ,Warning
70,44,73,4.8,21,Router,HQ,Critical
28,73,64,3.25,65,Switch,HQ,Critical
5,42,32,3.56,17,Router,Branch Office,Critical
21,57,88,4.4,20,Router,Datacenter,Critical
74,38,71,4.26,77,Router,Branch Office,Critical
92,71,41,1.81,13,Router,Branch Office,Critical
61,32,94,2.3,85,Firewall,HQ,Critical
33,47,76,1.72,43,Router,Branch Office,Warning
18,38,29,2.5,73,Switch,Datacenter,Warning
45,65,60,1.0,96,Switch,Branch Office,Healthy
37,11,28,0.08,91,Switch,Branch Office,Healthy
77,56,88,2.96,11,Firewall,HQ,Warning
31,92,19,4.59,81,Switch,Datacenter,Critical
73,29,62,1.19,25,Switch,Branch Office,Warning
67,44,19,4.56,55,Firewall,Datacenter,Critical
40,63,75,1.24,20,Firewall,Branch Office,Warning
86,87,117,0.19,34,Router,Datacenter,Critical
94,83,106,0.4,40,Firewall,Branch Office,Critical
56,61,20,1.75,17,Router,HQ,Warning
42,24,110,0.21,39,Firewall,Datacenter,Critical
34,16,52,0.61,37,Router,Branch Office,Healthy
56,33,19,0.95,89,Switch,HQ,Healthy
51,63,52,3.0,16,Firewall,HQ,Warning
58,25,21,3.39,43,Switch,HQ,Critical
8,48,54,3.89,48,Firewall,Datacenter,Critical
81,79,12,3.96,83,Switch,Datacenter,Critical
75,80,44,2.25,42,Switch,Datacenter,Warning
84,61,92,4.95,92,Router,Branch Office,Critical
97,56,52,4.44,39,Switch,Datacenter,Critical
49,70,118,3.91,13,Switch,Branch Office,Critical
7,73,35,4.06,46,Router,Branch Office,Critical
73,38,30,0.92,62,Firewall,Branch Office,Warning
88,88,93,4.81,41,Switch,Datacenter,Critical
31,79,37,2.3,73,Switch,HQ,Warning
11,83,13,4.7,60,Router,Datacenter,Critical
58,57,81,0.32,74,Router,HQ,Warning
23,19,89,1.98,95,Switch,Branch Office,Warning
78,84,12,0.48,65,Router,Branch Office,Warning
18,15,93,4.73,63,Switch,HQ,Critical
13,28,76,1.49,80,Switch,HQ,Warning
12,92,39,2.76,32,Firewall,Datacenter,Critical
97,26,58,4.08,99,Router,Branch Office,Critical
66,33,76,0.98,64,Switch,HQ,Warning
5,31,20,3.2,18,Firewall,Branch Office,Critical
39,16,62,1.66,69,Firewall,Branch Office,Warning
49,57,75,4.74,16,Switch,Datacenter,Critical
29,36,15,0.47,59,Router,Datacenter,Healthy
44,62,4,0.03,67,Switch,Branch Office,Healthy
6,72,29,0.3,62,Firewall,Datacenter,Warning
42,71,77,2.35,32,Switch,Branch Office,Warning
17,87,24,2.46,94,Firewall,HQ,Warning
15,35,96,0.99,53,Switch,Branch Office,Critical
19,37,120,4.67,29,Firewall,Branch Office,Critical
81,85,70,4.81,33,Switch,Datacenter,Critical
69,11,37,0.25,69,Firewall,HQ,Warning
24,94,56,0.12,17,Switch,HQ,Critical
42,15,24,4.87,57,Switch,Branch Office,Critical
86,44,114,4.62,57,Firewall,Datacenter,Critical
82,65,22,3.49,10,Switch,Datacenter,Critical
41,40,50,0.88,41,Switch,HQ,Healthy
68,93,115,1.45,32,Switch,Datacenter,Critical
14,72,53,0.39,82,Firewall,HQ,Warning
40,24,52,0.06,88,Firewall,Branch Office,Healthy
67,83,51,1.61,11,Firewall,Datacenter,Warning
40,85,9,4.17,24,Router,Branch Office,Critical
21,11,73,2.14,62,Firewall,Datacenter,Warning
13,18,54,1.05,16,Firewall,HQ,Warning
29,53,54,0.19,100,Firewall,HQ,Healthy
42,66,75,4.24,80,Router,Branch Office,Critical
16,43,86,4.01,55,Switch,Branch Office,Critical
48,50,97,1.13,38,Router,Datacenter,Critical
12,54,82,3.27,53,Switch,HQ,Critical
26,89,63,4.84,73,Firewall,Branch Office,Critical
93,22,99,4.84,43,Firewall,HQ,Critical
74,45,72,1.19,95,Router,Branch Office,Warning
83,69,50,2.14,46,Switch,Datacenter,Warning
60,91,12,0.96,60,Router,Datacenter,Critical
14,68,35,0.31,44,Router,Datacenter,Healthy
61,43,69,4.57,18,Switch,Branch Office,Critical
7,14,1,3.1,84,Switch,Branch Office,Critical
42,90,10,0.85,70,Router,Datacenter,Warning
14,49,55,3.11,31,Router,Branch Office,Critical
79,76,16,3.85,39,Switch,Datacenter,Critical
40,17,45,2.83,97,Firewall,Branch Office,Warning
57,55,76,3.02,69,Switch,Branch Office,Critical
78,60,112,0.39,76,Switch,HQ,Critical
43,85,90,2.55,76,Switch,Datacenter,Warning
50,58,107,2.54,95,Router,Branch Office,Critical
73,24,47,1.17,83,Firewall,Branch Office,Warning
37,86,85,2.54,12,Router,Datacenter,Warning
61,77,66,1.84,67,Switch,Datacenter,Warning
48,65,81,1.73,46,Router,HQ,Warning
38,94,120,4.9,51,Switch,Branch Office,Critical
26,27,27,0.2,45,Switch,Datacenter,Healthy
89,51,87,3.26,55,Router,Branch Office,Critical
61,72,15,3.73,84,Router,HQ,Critical
8,59,67,4.19,79,Router,Branch Office,Critical
52,52,11,1.82,11,Firewall,Datacenter,Warning
87,55,97,0.77,55,Switch,Datacenter,Critical
75,41,56,0.91,99,Firewall,Branch Office,Warning
5,64,98,2.56,23,Router,HQ,Critical
23,70,19,3.69,82,Router,HQ,Critical
77,37,52,2.31,17,Router,HQ,Warning
85,46,76,0.37,42,Switch,Datacenter,Warning
63,61,59,3.74,79,Firewall,HQ,Critical
39,67,25,3.36,42,Router,Datacenter,Critical
38,30,38,2.64,28,Router,HQ,Warning
26,73,74,1.05,68,Firewall,HQ,Warning
39,58,17,4.79,79,Router,Branch Office,Critical
35,89,84,3.58,22,Switch,HQ,Critical
24,27,5,2.35,61,Switch,Branch Office,Warning
90,53,98,1.49,12,Firewall,HQ,Critical
71,87,64,0.6,59,Router,Datacenter,Warning
25,55,73,2.01,78,Firewall,Datacenter,Warning
64,36,12,1.56,43,Firewall,HQ,Warning
95,89,60,0.7,75,Switch,Datacenter,Critical
6,32,44,0.66,96,Router,HQ,Healthy
90,76,112,2.59,62,Router,HQ,Critical
97,65,98,4.3,47,Switch,Branch Office,Critical
95,70,62,4.68,20,Firewall,Branch Office,Critical
62,64,65,1.22,85,Router,HQ,Warning
22,49,98,3.23,100,Router,Datacenter,Critical
53,34,57,3.42,71,Firewall,Branch Office,Critical
98,60,60,0.65,14,Firewall,Branch Office,Critical
92,64,70,3.86,98,Router,HQ,Critical
68,61,72,0.99,66,Firewall,HQ,Warning
81,12,20,4.36,59,Switch,Datacenter,Critical
68,16,63,1.05,61,Switch,HQ,Warning
26,21,21,1.31,61,Firewall,Datacenter,Warning
31,60,34,3.41,48,Firewall,Datacenter,Critical
45,60,102,0.02,11,Switch,HQ,Critical
50,82,67,0.22,17,Router,HQ,Warning
82,52,53,3.67,23,Firewall,Datacenter,Critical
91,82,42,4.26,30,Switch,Branch Office,Critical
71,54,111,3.55,71,Switch,Branch Office,Critical
35,61,114,4.71,68,Router,HQ,Critical
9,11,60,1.61,28,Switch,Datacenter,Warning
43,13,14,4.68,28,Router,HQ,Critical
9,35,13,1.48,97,Switch,HQ,Warning
94,22,95,1.92,46,Firewall,HQ,Critical
46,82,28,2.02,77,Switch,HQ,Warning
18,69,42,0.9,64,Router,Branch Office,Healthy
92,12,57,2.11,50,Router,Branch Office,Critical
34,44,61,2.25,40,Firewall,Branch Office,Warning
38,90,68,1.33,48,Firewall,HQ,Warning
70,35,98,1.76,28,Router,Branch Office,Critical
8,40,83,1.0,48,Router,Branch Office,Warning
38,42,8,1.39,52,Firewall,HQ,Warning
43,71,36,4.51,36,Firewall,Datacenter,Critical
48,94,37,0.08,97,Firewall,HQ,Critical
97,16,101,3.37,75,Router,Datacenter,Critical
16,37,58,0.42,56,Router,HQ,Healthy
7,55,114,2.52,70,Router,Branch Office,Critical
84,95,58,0.31,38,Router,Datacenter,Critical
38,81,26,1.19,49,Router,HQ,Warning
72,24,70,0.79,38,Firewall,HQ,Warning
48,28,86,4.0,72,Switch,Datacenter,Critical
69,22,82,4.16,86,Firewall,Datacenter,Critical
90,87,31,4.3,42,Switch,HQ,Critical
68,65,16,2.95,87,Router,HQ,Warning
31,27,47,3.93,71,Switch,Branch Office,Critical
70,71,110,2.61,96,Firewall,Datacenter,Critical
25,11,109,2.96,100,Switch,HQ,Critical
28,57,111,2.02,74,Switch,HQ,Critical
75,42,5,0.39,46,Firewall,Datacenter,Warning
69,52,18,0.12,43,Switch,HQ,Warning
77,87,61,4.83,57,Switch,HQ,Critical
52,11,89,0.79,36,Switch,Branch Office,Warning
9,59,112,3.12,49,Firewall,Branch Office,Critical
24,13,41,4.73,98,Router,HQ,Critical
56,76,47,4.16,56,Switch,Datacenter,Critical
15,10,37,0.51,18,Router,HQ,Healthy
73,78,64,2.81,51,Firewall,Datacenter,Warning
41,47,53,0.14,67,Switch,Branch Office,Healthy
27,17,82,2.18,96,Firewall,HQ,Warning
9,92,22,1.05,79,Firewall,Branch Office,Critical
8,41,111,3.0,47,Switch,HQ,Critical
44,71,35,1.02,11,Firewall,HQ,Warning
18,42,86,2.85,57,Switch,HQ,Warning
73,16,61,0.55,85,Firewall,Branch Office,Warning
71,23,41,2.82,73,Router,HQ,Warning
6,92,53,2.61,32,Switch,Branch Office,Critical
32,43,86,3.27,46,Router,Branch Office,Critical
13,39,79,2.61,55,Firewall,Branch Office,Warning
62,72,22,2.8,82,Firewall,Branch Office,Warning
26,85,97,0.6,31,Switch,Datacenter,Critical
9,59,66,4.15,28,Router,HQ,Critical
77,38,18,4.47,20,Firewall,Branch Office,Critical
22,48,29,2.84,98,Switch,Branch Office,Warning
70,88,69,4.48,39,Firewall,Branch Office,Critical
28,75,90,3.81,68,Firewall,Datacenter,Critical
40,65,32,2.23,43,Switch,Datacenter,Warning
53,14,11,2.77,82,Firewall,Datacenter,Warning
23,28,78,4.12,72,Firewall,Datacenter,Critical
63,89,58,1.63,100,Switch,Datacenter,Warning
86,91,70,4.02,62,Router,Datacenter,Critical
24,58,115,2.19,30,Switch,HQ,Critical
29,26,5,0.1,57,Switch,HQ,Healthy
56,45,13,4.23,32,Switch,HQ,Critical
23,26,117,0.97,77,Switch,HQ,Critical
79,78,108,0.09,57,Firewall,Branch Office,Critical
66,87,17,0.17,71,Firewall,Branch Office,Warning
90,64,87,4.72,81,Router,Datacenter,Critical
76,67,17,2.45,47,Firewall,Branch Office,Warning
77,46,102,4.91,83,Router,Datacenter,Critical
28,66,86,4.52,34,Switch,Branch Office,Critical
28,18,97,4.55,19,Router,Branch Office,Critical
30,34,59,4.39,70,Router,Datacenter,Critical
38,49,79,0.09,34,Router,Datacenter,Warning
77,39,3,1.98,61,Router,Branch Office,Warning
60,95,89,4.11,39,Switch,HQ,Critical
61,62,82,0.52,23,Router,Branch Office,Warning
31,13,106,2.13,57,Firewall,Datacenter,Critical
43,15,45,4.52,42,Router,HQ,Critical
25,89,115,1.24,75,Switch,Datacenter,Critical
13,30,17,1.45,48,Firewall,HQ,Warning
17,27,77,1.28,52,Firewall,HQ,Warning
51,62,32,4.12,40,Firewall,Branch Office,Critical
79,60,30,2.76,42,Router,Datacenter,Warning
75,21,54,2.81,14,Router,HQ,Warning
33,73,90,1.05,86,Switch,Branch Office,Warning
38,27,80,4.74,10,Router,HQ,Critical
90,16,26,2.0,41,Firewall,Datacenter,Critical
62,64,34,1.37,68,Switch,Branch Office,Warning
58,87,84,2.56,86,Router,HQ,Warning
22,21,55,4.47,68,Switch,HQ,Critical
12,94,114,1.9,59,Firewall,Datacenter,Critical
10,90,44,3.14,37,Switch,Branch Office,Critical
36,14,114,1.53,15,Firewall,Branch Office,Critical
15,18,37,1.76,28,Firewall,Datacenter,Warning
91,74,33,0.43,60,Switch,Branch Office,Critical
93,92,114,3.32,90,Switch,Datacenter,Critical
21,92,25,1.68,44,Firewall,Datacenter,Critical
53,77,75,0.49,93,Router,Datacenter,Warning
28,77,104,1.21,60,Switch,HQ,Critical
29,24,77,1.9,74,Firewall,Branch Office,Warning
50,82,69,1.21,64,Router,Branch Office,Warning
71,64,107,0.44,62,Firewall,Datacenter,Critical
50,64,52,0.36,51,Firewall,HQ,Healthy
60,13,87,1.94,19,Router,HQ,Warning
32,58,31,1.75,60,Router,HQ,Warning
27,35,15,3.58,19,Router,HQ,Critical
37,82,46,3.18,48,Firewall,HQ,Critical
48,68,73,4.37,83,Firewall,Datacenter,Critical
12,55,98,3.44,98,Switch,HQ,Critical
55,68,37,4.57,11,Switch,Branch Office,Critical
15,57,79,0.56,56,Switch,Datacenter,Warning
55,62,16,4.28,42,Firewall,Datacenter,Critical
35,88,57,0.58,13,Switch,Datacenter,Warning
74,24,47,3.44,97,Switch,HQ,Critical
12,43,45,0.21,23,Switch,Datacenter,Healthy
39,61,60,3.31,92,Switch,Datacenter,Critical
79,20,81,2.08,82,Firewall,Datacenter,Warning
8,29,26,0.03,62,Switch,Branch Office,Healthy
17,11,63,2.57,95,Router,Datacenter,Warning
28,66,32,1.5,79,Switch,HQ,Warning
40,64,68,1.37,56,Router,Branch Office,Warning
52,95,69,5.0,93,Switch,HQ,Critical
22,54,113,4.04,48,Switch,Datacenter,Critical
74,46,56,0.35,84,Router,Branch Office,Warning
63,49,116,3.27,40,Router,Datacenter,Critical
44,25,103,4.65,31,Switch,HQ,Critical
84,50,91,1.44,89,Switch,HQ,Critical
34,78,22,4.68,91,Switch,Datacenter,Critical
85,23,40,2.79,94,Firewall,Datacenter,Warning
67,60,101,2.96,10,Switch,Branch Office,Critical
26,36,110,1.39,54,Firewall,Datacenter,Critical
55,58,54,0.57,39,Switch,Branch Office,Healthy
90,39,48,1.0,82,Router,Branch Office,Critical
79,72,75,4.09,88,Router,Datacenter,Critical
88,34,6,0.88,87,Switch,HQ,Critical
59,54,65,2.56,76,Router,HQ,Warning
52,29,58,2.82,22,Router,Branch Office,Warning
28,90,19,2.72,73,Router,Datacenter,Warning
17,50,109,2.37,18,Router,Datacenter,Critical
88,26,50,3.02,92,Switch,Datacenter,Critical
85,67,92,4.74,57,Switch,Branch Office,Critical
23,87,107,2.81,47,Firewall,Branch Office,Critical
69,45,24,4.14,57,Router,Branch Office,Critical
88,17,97,2.84,92,Router,HQ,Critical
80,13,101,3.52,44,Router,HQ,Critical
65,54,119,4.37,41,Router,Datacenter,Critical
80,91,49,3.72,30,Firewall,Branch Office,Critical
6,46,30,1.24,53,Switch,HQ,Warning
85,52,97,0.03,13,Firewall,HQ,Critical
17,95,114,0.06,50,Firewall,HQ,Critical
89,29,29,4.14,14,Switch,Datacenter,Critical
43,34,30,1.76,21,Router,Branch Office,Warning
65,63,115,1.2,75,Firewall,Datacenter,Critical
88,43,47,1.73,15,Switch,HQ,Critical
35,64,114,1.39,40,Router,Datacenter,Critical
27,95,37,3.95,36,Firewall,HQ,Critical
22,68,6,1.57,58,Router,Branch Office,Warning
46,18,33,2.9,45,Switch,Branch Office,Warning
81,33,98,3.75,41,Firewall,Datacenter,Critical
65,44,16,0.14,13,Firewall,Branch Office,Healthy
74,82,49,2.66,39,Switch,HQ,Warning
20,90,35,1.58,60,Switch,HQ,Warning
68,42,50,0.36,42,Router,HQ,Warning
14,27,67,0.77,87,Router,HQ,Warning
61,87,61,0.36,30,Firewall,Branch Office,Warning
63,60,83,0.07,31,Firewall,Datacenter,Warning
56,88,42,1.12,63,Firewall,HQ,Warning
65,46,65,2.95,54,Router,HQ,Warning
45,65,15,3.52,18,Firewall,HQ,Critical
23,18,8,1.79,28,Router,Datacenter,Warning
25,45,3,1.97,73,Router,Datacenter,Warning
25,44,62,4.84,74,Router,Datacenter,Critical
66,24,11,2.74,60,Firewall,Datacenter,Warning
46,26,35,4.86,39,Switch,Branch Office,Critical
26,63,9,1.93,30,Switch,HQ,Warning
53,55,5,4.5,75,Switch,Datacenter,Critical
7,70,61,0.25,96,Switch,HQ,Warning
30,47,117,0.43,11,Firewall,HQ,Critical
80,43,37,0.05,13,Switch,HQ,Warning
18,90,86,3.12,42,Firewall,Branch Office,Critical
91,16,92,4.38,67,Switch,Branch Office,Critical
33,94,22,4.32,58,Switch,Branch Office,Critical
59,26,61,3.47,68,Switch,HQ,Critical
69,55,62,2.44,26,Switch,HQ,Warning
39,93,77,2.17,41,Router,HQ,Critical
16,66,105,2.02,24,Switch,HQ,Critical
82,29,60,4.63,50,Firewall,Datacenter,Critical
85,87,7,4.44,16,Router,Branch Office,Critical
31,63,7,0.85,35,Switch,Datacenter,Healthy
12,48,83,0.63,88,Switch,Branch Office,Warning
14,33,92,4.03,22,Router,Branch Office,Critical
18,88,35,3.46,100,Firewall,Branch Office,Critical
75,42,104,2.39,57,Firewall,Datacenter,Critical
75,86,117,1.5,79,Firewall,Branch Office,Critical
84,67,78,0.68,47,Switch,Datacenter,Warning
75,10,54,2.27,30,Switch,Branch Office,Warning
81,27,8,4.84,52,Switch,HQ,Critical
56,73,111,2.07,52,Router,Branch Office,Critical
86,40,34,0.64,84,Router,Branch Office,Critical
72,59,115,4.54,45,Router,HQ,Critical
79,72,120,3.99,11,Router,HQ,Critical
47,33,68,4.17,15,Router,Branch Office,Critical
37,63,102,0.37,100,Switch,HQ,Critical
74,64,104,4.7,31,Firewall,Datacenter,Critical
61,39,80,0.59,43,Firewall,Branch Office,Warning
91,41,110,1.56,47,Firewall,HQ,Critical
16,73,86,1.95,44,Firewall,Datacenter,Warning
92,44,90,4.26,20,Router,Branch Office,Critical
20,22,8,0.11,96,Switch,Datacenter,Healthy
46,63,26,3.0,58,Firewall,Branch Office,Warning
74,51,35,0.75,77,Firewall,Datacenter,Warning
36,55,89,2.81,58,Firewall,HQ,Warning
7,68,92,3.97,97,Switch,Datacenter,Critical
81,46,27,0.99,56,Firewall,Datacenter,Warning
25,68,107,0.8,17,Router,Datacenter,Critical
16,11,72,1.81,54,Firewall,Branch Office,Warning
30,28,32,1.82,18,Switch,HQ,Warning
64,29,113,2.09,13,Router,Datacenter,Critical
64,32,8,2.41,39,Router,Datacenter,Warning
17,63,104,1.0,97,Switch,Datacenter,Critical
92,21,28,2.88,27,Switch,Datacenter,Critical
6,67,94,2.83,69,Router,Datacenter,Critical
15,84,77,2.09,24,Firewall,Datacenter,Warning
89,52,118,3.65,84,Router,Branch Office,Critical
95,94,87,4.75,44,Router,Datacenter,Critical
79,51,66,1.2,89,Router,HQ,Warning
92,25,51,0.63,46,Firewall,Datacenter,Critical
63,43,26,3.67,84,Switch,Branch Office,Critical
85,43,102,0.95,21,Firewall,Branch Office,Critical
22,58,58,0.26,80,Router,Datacenter,Healthy
98,87,99,1.18,53,Firewall,Datacenter,Critical
39,36,73,3.04,88,Router,Branch Office,Critical
47,24,53,4.61,75,Firewall,HQ,Critical
35,14,71,2.42,31,Switch,Branch Office,Warning
80,14,42,1.28,24,Router,Branch Office,Warning
32,82,83,3.67,46,Firewall,Branch Office,Critical
73,55,27,1.66,62,Switch,HQ,Warning
77,68,120,3.58,34,Firewall,Branch Office,Critical
62,18,8,1.66,13,Router,Datacenter,Warning
29,39,120,2.78,39,Firewall,Branch Office,Critical
78,54,88,0.97,93,Switch,HQ,Warning
86,92,20,2.6,31,Switch,Branch Office,Critical
91,83,47,1.0,82,Firewall,HQ,Critical
8,19,29,2.92,84,Switch,HQ,Warning
56,39,109,1.82,28,Switch,Datacenter,Critical
8,25,82,4.53,51,Router,Datacenter,Critical
61,61,90,2.47,51,Switch,Datacenter,Warning
5,22,22,2.17,13,Firewall,Branch Office,Warning
80,88,91,4.94,76,Firewall,Branch Office,Critical
6,64,2,4.81,100,Switch,HQ,Critical
14,25,63,2.75,15,Switch,HQ,Warning
34,92,48,4.38,68,Router,HQ,Critical
66,20,94,4.62,16,Switch,Branch Office,Critical
32,60,67,1.97,49,Switch,Datacenter,Warning
59,25,31,2.01,19,Firewall,HQ,Warning
59,49,43,3.94,71,Router,Datacenter,Critical
29,76,97,2.31,97,Firewall,HQ,Critical
86,56,36,1.35,100,Firewall,HQ,Critical
22,70,93,1.05,95,Firewall,Datacenter,Critical
29,17,96,1.74,22,Firewall,HQ,Critical
10,15,88,4.91,18,Router,Branch Office,Critical
58,14,42,0.44,63,Switch,Datacenter,Healthy
85,23,11,0.64,36,Firewall,Branch Office,Warning
38,27,35,2.09,41,Switch,Branch Office,Warning
84,10,43,2.98,49,Switch,HQ,Warning
72,15,26,1.63,24,Switch,Datacenter,Warning
43,18,71,4.69,99,Switch,HQ,Critical
23,65,106,1.35,25,Router,Branch Office,Critical
43,44,19,3.4,12,Firewall,Branch Office,Critical
80,63,72,1.54,31,Switch,HQ,Warning
45,24,7,0.91,72,Router,Branch Office,Healthy
39,24,88,3.47,62,Router,Datacenter,Critical
97,89,51,4.22,67,Firewall,Datacenter,Critical
66,20,21,1.22,75,Firewall,HQ,Warning
36,46,80,0.96,97,Firewall,Branch Office,Warning
14,32,20,2.46,93,Switch,Branch Office,Warning
89,64,111,1.17,64,Firewall,HQ,Critical
39,82,17,3.73,46,Router,HQ,Critical
18,17,2,3.87,94,Router,HQ,Critical
69,86,87,1.28,35,Firewall,HQ,Warning
84,39,67,0.95,37,Firewall,HQ,Warning
83,37,69,0.07,67,Router,HQ,Warning
39,16,100,3.09,78,Firewall,Branch Office,Critical
90,17,47,4.45,82,Router,Branch Office,Critical
27,88,88,3.18,48,Firewall,HQ,Critical
10,83,12,0.65,75,Firewall,Datacenter,Warning
68,29,73,3.09,33,Switch,Branch Office,Critical
9,88,79,3.47,39,Switch,HQ,Critical
12,25,27,3.27,99,Switch,Branch Office,Critical
43,62,12,1.89,71,Router,Branch Office,Warning
63,35,104,1.36,35,Switch,Branch Office,Critical
97,76,53,4.47,37,Firewall,Branch Office,Critical
40,59,116,3.09,94,Switch,Datacenter,Critical
38,25,73,0.66,50,Router,HQ,Warning
85,88,113,2.53,99,Router,Branch Office,Critical
61,42,89,2.17,15,Firewall,HQ,Warning
96,70,112,0.5,65,Firewall,Datacenter,Critical
54,87,63,1.83,100,Router,HQ,Warning
66,38,61,2.55,11,Router,HQ,Warning
18,39,109,3.34,14,Firewall,HQ,Critical
14,10,11,4.56,29,Switch,Branch Office,Critical
23,73,28,2.49,42,Firewall,Branch Office,Warning
72,85,52,2.48,91,Router,HQ,Warning
61,36,91,1.52,53,Router,Branch Office,Critical
92,52,106,2.17,12,Switch,HQ,Critical
40,86,112,2.35,21,Router,HQ,Critical
31,42,74,2.93,51,Switch,Datacenter,Warning
88,87,69,3.83,50,Switch,Datacenter,Critical
56,51,35,3.39,53,Firewall,Datacenter,Critical
20,16,39,4.23,93,Router,HQ,Critical
37,10,104,1.38,48,Router,Branch Office,Critical
19,56,66,3.97,63,Switch,Datacenter,Critical
58,20,51,2.51,79,Router,Branch Office,Warning
9,44,112,4.4,88,Router,HQ,Critical
82,62,37,1.31,11,Router,HQ,Warning
90,84,1,3.29,54,Switch,HQ,Critical
43,65,112,4.9,14,Router,HQ,Critical
12,19,4,0.87,61,Switch,Branch Office,Healthy
73,39,108,3.48,84,Switch,Branch Office,Critical
76,18,9,2.04,27,Switch,Branch Office,Warning
68,45,42,1.05,71,Switch,Datacenter,Warning
73,41,72,4.3,22,Switch,Branch Office,Critical
37,84,94,4.73,13,Switch,Datacenter,Critical
19,38,49,2.48,88,Router,Datacenter,Warning
51,92,64,3.76,15,Switch,HQ,Critical
10,35,90,2.88,45,Switch,Branch Office,Warning
66,38,4,4.35,94,Router,HQ,Critical
6,71,108,1.92,42,Firewall,HQ,Critical
41,83,12,1.08,55,Router,Datacenter,Warning
46,47,91,1.43,41,Firewall,HQ,Critical
30,23,31,3.79,84,Switch,Datacenter,Critical
12,91,67,2.53,41,Firewall,HQ,Critical
16,48,41,0.46,10,Switch,Datacenter,Healthy
39,35,69,2.32,56,Switch,Branch Office,Warning
87,47,85,3.84,99,Router,Branch Office,Critical
53,10,115,0.11,32,Router,Datacenter,Critical
90,89,113,0.36,63,Switch,Branch Office,Critical
49,75,98,2.29,37,Router,Branch Office,Critical
56,56,114,1.33,66,Firewall,Branch Office,Critical
9,92,63,1.27,84,Router,Branch Office,Critical
26,19,104,4.08,12,Firewall,Branch Office,Critical
38,30,81,1.96,100,Switch,Datacenter,Warning
28,95,31,3.1,20,Switch,Branch Office,Critical
50,26,11,2.79,35,Switch,HQ,Warning
79,48,7,3.02,79,Switch,Branch Office,Critical
68,24,101,4.42,56,Switch,HQ,Critical
92,90,116,4.83,83,Firewall,Datacenter,Critical
46,16,50,3.72,30,Switch,Branch Office,Critical
51,94,16,1.22,14,Router,Datacenter,Critical
82,95,88,4.16,43,Switch,Branch Office,Critical
48,83,14,2.33,42,Switch,HQ,Warning
25,37,104,2.82,93,Switch,HQ,Critical
6,19,21,3.06,44,Router,Datacenter,Critical
61,93,109,2.96,69,Switch,HQ,Critical
80,70,78,0.67,94,Switch,HQ,Warning
75,52,120,0.56,82,Firewall,Datacenter,Critical
95,64,35,1.47,89,Firewall,HQ,Critical
38,72,11,0.51,98,Switch,Datacenter,Warning
71,83,33,1.37,34,Router,Branch Office,Warning
84,88,101,3.98,25,Switch,Datacenter,Critical
72,41,99,2.64,38,Switch,HQ,Critical
74,60,60,2.68,94,Firewall,HQ,Warning
47,36,83,2.8,36,Firewall,HQ,Warning
12,22,120,0.04,44,Switch,Branch Office,Critical
52,86,5,4.17,22,Router,HQ,Critical
11,28,103,4.66,42,Router,Branch Office,Critical
51,58,85,4.18,90,Switch,Branch Office,Critical
33,69,39,2.14,43,Router,Branch Office,Warning
43,55,22,3.31,36,Firewall,HQ,Critical
41,54,48,3.22,22,Firewall,HQ,Critical
6,35,104,4.67,60,Switch,Datacenter,Critical
20,88,47,4.84,69,Router,Branch Office,Critical
21,39,15,0.15,64,Router,HQ,Healthy
43,80,60,3.67,23,Router,Datacenter,Critical
6,77,94,3.76,24,Router,Datacenter,Critical
53,43,29,1.01,63,Switch,Branch Office,Warning
45,33,80,2.98,68,Firewall,Datacenter,Warning
8,37,22,2.84,39,Firewall,HQ,Warning
7,20,20,0.31,33,Switch,Branch Office,Healthy
49,51,99,2.83,20,Router,HQ,Critical
92,40,61,0.93,21,Switch,HQ,Critical
81,85,2,2.7,75,Router,Branch Office,Warning
5,22,27,2.79,49,Router,HQ,Warning
28,60,44,1.93,11,Firewall,Datacenter,Warning
96,23,11,1.47,59,Router,HQ,Critical
28,75,113,2.93,30,Switch,HQ,Critical
84,61,119,4.14,53,Firewall,Branch Office,Critical
8,15,100,4.05,18,Router,Branch Office,Critical
6,84,7,0.58,96,Router,HQ,Warning
69,39,74,3.62,65,Switch,Datacenter,Critical
75,49,63,2.53,76,Firewall,Branch Office,Warning
39,56,104,2.88,19,Firewall,Datacenter,Critical
13,76,21,2.14,94,Firewall,HQ,Warning
18,74,4,2.4,52,Router,HQ,Warning
55,65,106,3.63,88,Router,HQ,Critical
58,80,83,3.76,43,Firewall,HQ,Critical
53,43,93,2.99,24,Firewall,HQ,Critical
89,28,97,4.97,15,Firewall,Datacenter,Critical
8,13,36,0.68,42,Router,Datacenter,Healthy
29,58,55,2.26,91,Switch,HQ,Warning
24,46,4,3.51,67,Switch,Datacenter,Critical
32,31,80,1.82,48,Switch,Branch Office,Warning
39,94,65,3.45,39,Router,HQ,Critical
36,95,77,3.17,98,Router,Branch Office,Critical
90,82,111,2.61,10,Firewall,Branch Office,Critical
84,49,53,4.34,46,Switch,Branch Office,Critical
73,94,81,4.43,91,Router,HQ,Critical
69,57,35,2.39,44,Firewall,Datacenter,Warning
58,33,119,0.47,14,Switch,HQ,Critical
82,67,17,1.59,72,Switch,Branch Office,Warning
53,10,23,1.91,55,Switch,HQ,Warning
80,32,89,0.68,34,Switch,Datacenter,Warning
23,29,116,1.17,10,Switch,HQ,Critical
40,72,12,2.65,31,Switch,Datacenter,Warning
8,74,86,0.9,57,Switch,Datacenter,Warning
89,69,59,2.92,72,Firewall,Branch Office,Critical
87,93,54,4.43,54,Switch,Datacenter,Critical
71,70,97,4.2,94,Switch,HQ,Critical
44,17,66,3.59,71,Switch,Branch Office,Critical
57,93,6,1.1,55,Firewall,Datacenter,Critical
11,42,10,1.13,66,Router,Branch Office,Warning
87,60,33,4.85,71,Router,Branch Office,Critical
90,23,3,4.17,26,Router,Datacenter,Critical
72,50,46,1.25,61,Router,Datacenter,Warning
93,16,93,4.29,40,Firewall,Branch Office,Critical
59,15,18,4.06,70,Firewall,Datacenter,Critical
15,79,50,1.51,16,Firewall,Datacenter,Warning
5,65,84,2.95,95,Switch,Datacenter,Warning
71,30,1,0.18,92,Switch,Branch Office,Warning
7,92,91,4.85,39,Firewall,Datacenter,Critical
52,70,38,4.28,100,Router,Branch Office,Critical
39,74,55,0.76,87,Firewall,Datacenter,Warning
93,91,52,0.6,23,Router,HQ,Critical
12,91,40,0.83,57,Router,HQ,Critical
12,90,110,0.7,63,Firewall,Branch Office,Critical
9,39,11,0.78,78,Firewall,Branch Office,Healthy
70,12,104,0.69,57,Switch,HQ,Critical
9,88,14,0.95,37,Router,HQ,Warning
18,41,46,0.55,15,Router,Datacenter,Healthy
67,10,38,3.57,56,Switch,Branch Office,Critical
63,56,89,2.66,65,Firewall,Datacenter,Warning
29,38,25,0.17,73,Firewall,Datacenter,Healthy
92,59,13,1.72,97,Firewall,Datacenter,Critical
95,34,78,3.31,85,Router,Datacenter,Critical
94,57,90,2.71,53,Firewall,Branch Office,Critical
18,66,120,4.35,32,Firewall,HQ,Critical
20,13,119,2.11,40,Switch,Branch Office,Critical
70,89,100,0.44,37,Router,HQ,Critical
38,95,88,3.51,87,Switch,Branch Office,Critical
50,74,85,2.22,12,Firewall,Datacenter,Warning
39,79,95,1.7,33,Switch,HQ,Critical
82,77,83,4.83,91,Switch,HQ,Critical
86,34,110,3.98,35,Router,HQ,Critical
42,60,13,3.05,43,Router,Branch Office,Critical
56,31,105,0.87,39,Router,Datacenter,Critical
55,83,62,4.64,76,Firewall,HQ,Critical
57,56,81,1.2,46,Switch,HQ,Warning
72,45,66,3.49,80,Switch,Branch Office,Critical
48,20,65,3.25,50,Firewall,HQ,Critical
24,12,80,3.91,100,Switch,Branch Office,Critical
44,64,37,1.23,78,Switch,Branch Office,Warning
55,24,73,4.11,34,Firewall,Datacenter,Critical
30,75,51,1.3,37,Switch,Branch Office,Warning
81,31,90,1.72,65,Switch,Branch Office,Warning
71,94,14,1.22,55,Router,Branch Office,Critical
32,78,74,0.17,95,Router,Datacenter,Warning
75,52,67,1.05,49,Firewall,Branch Office,Warning
69,16,63,2.64,72,Firewall,Datacenter,Warning
61,57,52,2.16,66,Switch,Branch Office,Warning
80,70,61,4.62,41,Router,Datacenter,Critical
60,31,36,1.2,52,Router,HQ,Warning
73,59,11,4.47,70,Firewall,Branch Office,Critical
10,79,76,3.6,37,Firewall,HQ,Critical
49,54,114,2.78,69,Router,Branch Office,Critical
55,29,46,2.21,64,Firewall,Datacenter,Warning
26,65,115,2.4,15,Router,Datacenter,Critical
41,32,7,1.73,32,Firewall,Datacenter,Warning
19,71,79,4.38,90,Switch,Datacenter,Critical
12,76,16,3.84,29,Router,Branch Office,Critical
68,86,109,4.01,100,Firewall,Datacenter,Critical
56,77,96,1.68,20,Switch,Branch Office,Critical
25,60,87,2.48,100,Router,HQ,Warning
45,12,85,0.77,27,Firewall,Branch Office,Warning
41,49,76,3.85,53,Router,Branch Office,Critical
15,20,100,2.36,49,Switch,HQ,Critical
6,19,46,4.1,19,Switch,HQ,Critical
86,70,10,3.97,24,Switch,Branch Office,Critical
57,92,98,3.89,59,Router,Branch Office,Critical
70,94,40,1.57,69,Firewall,Branch Office,Critical
31,65,6,2.39,85,Router,Branch Office,Warning
62,95,50,1.12,37,Firewall,Branch Office,Critical
59,54,2,2.54,80,Switch,HQ,Warning
16,85,82,1.63,43,Firewall,HQ,Warning
81,75,63,2.94,68,Firewall,HQ,Warning
6,64,103,1.35,30,Router,Branch Office,Critical
25,50,6,2.09,20,Router,HQ,Warning
88,34,16,2.61,52,Switch,Branch Office,Critical
95,33,8,2.47,38,Firewall,Branch Office,Critical
65,92,28,1.69,29,Router,Branch Office,Critical
28,52,13,3.27,34,Firewall,Datacenter,Critical
17,35,62,0.18,30,Switch,Datacenter,Warning
29,25,86,2.01,44,Switch,HQ,Warning
54,14,9,3.47,40,Router,HQ,Critical
28,85,66,0.65,89,Switch,Branch Office,Warning
69,12,117,3.97,20,Router,HQ,Critical
89,28,77,3.56,34,Switch,Datacenter,Critical
16,74,55,2.3,30,Router,HQ,Warning
22,33,23,2.44,30,Router,Branch Office,Warning
94,51,69,4.41,91,Router,Branch Office,Critical
95,62,111,0.4,71,Router,Datacenter,Critical
80,42,118,3.5,61,Switch,Branch Office,Critical
6,21,114,0.5,53,Firewall,Datacenter,Critical
76,43,37,3.19,20,Router,HQ,Critical
26,72,4,0.73,36,Router,HQ,Warning
47,87,21,4.98,62,Router,Datacenter,Critical
42,48,34,4.58,45,Switch,Branch Office,Critical
66,88,3,3.86,99,Router,Datacenter,Critical
16,33,2,1.06,90,Router,HQ,Warning
34,76,42,0.02,75,Router,HQ,Warning
91,33,10,3.66,73,Router,Branch Office,Critical
17,32,15,0.68,72,Switch,Datacenter,Healthy
67,69,12,3.17,64,Switch,Branch Office,Critical
73,16,80,1.51,52,Switch,HQ,Warning
65,21,27,1.88,68,Router,Branch Office,Warning
41,42,106,2.4,64,Firewall,HQ,Critical
21,94,56,3.83,94,Switch,HQ,Critical
24,12,13,3.83,11,Firewall,HQ,Critical
68,74,78,0.76,40,Firewall,Datacenter,Warning
19,86,45,1.39,10,Firewall,Branch Office,Warning
44,14,111,1.51,94,Firewall,Branch Office,Critical
65,66,102,3.76,75,Switch,Datacenter,Critical
90,74,79,3.06,10,Firewall,Datacenter,Critical
32,56,66,1.5,55,Switch,HQ,Warning
49,82,91,0.52,24,Firewall,HQ,Critical
21,35,12,3.27,11,Firewall,Branch Office,Critical
87,55,95,0.65,10,Router,Datacenter,Critical
35,30,45,1.85,56,Switch,HQ,Warning
20,70,4,4.06,10,Firewall,Datacenter,Critical
62,21,61,2.19,40,Firewall,Datacenter,Warning
47,47,112,2.9,78,Switch,HQ,Critical
43,28,31,4.89,85,Firewall,Branch Office,Critical
29,37,39,0.2,88,Firewall,HQ,Healthy
57,94,27,1.09,63,Router,HQ,Critical
29,75,4,4.55,88,Router,HQ,Critical
96,84,42,3.45,94,Switch,HQ,Critical
5,45,74,4.33,70,Switch,Branch Office,Critical
39,74,32,4.82,59,Switch,Branch Office,Critical
48,82,50,1.83,14,Switch,HQ,Warning
14,20,32,2.53,64,Switch,Datacenter,Warning
38,50,29,0.61,94,Router,HQ,Healthy
36,78,66,1.3,50,Router,Datacenter,Warning
86,44,23,2.46,51,Router,Datacenter,Critical
19,23,37,3.75,69,Switch,Datacenter,Critical
35,39,58,3.95,19,Firewall,HQ,Critical
22,54,84,2.16,11,Firewall,Branch Office,Warning
24,30,50,4.05,46,Router,HQ,Critical
41,49,3,2.78,63,Firewall,Branch Office,Warning
67,72,115,4.86,68,Firewall,HQ,Critical
42,90,117,1.33,16,Switch,Datacenter,Critical
31,64,81,1.58,19,Router,Branch Office,Warning
22,39,27,3.78,89,Firewall,HQ,Critical
33,14,29,3.16,59,Firewall,HQ,Critical
22,71,63,2.03,94,Firewall,Datacenter,Warning
19,43,65,3.45,44,Firewall,Datacenter,Critical
58,53,41,2.83,47,Firewall,HQ,Warning
10,20,52,4.52,68,Firewall,Branch Office,Critical
62,12,40,1.56,85,Switch,HQ,Warning
13,53,39,1.42,68,Switch,Datacenter,Warning
74,48,12,2.82,82,Router,Branch Office,Warning
67,70,28,2.34,59,Switch,Branch Office,Warning
45,56,82,1.53,51,Router,Branch Office,Warning
70,32,36,0.0,55,Router,Branch Office,Warning
85,27,119,0.02,46,Firewall,Datacenter,Critical
94,94,89,4.79,85,Switch,Datacenter,Critical
57,89,111,4.32,30,Switch,HQ,Critical
15,93,86,3.33,26,Router,Datacenter,Critical
95,86,99,1.79,12,Firewall,HQ,Critical
37,48,25,0.63,64,Switch,Datacenter,Healthy
47,62,61,4.03,95,Firewall,Datacenter,Critical
33,10,76,0.07,81,Router,HQ,Warning
21,93,49,1.71,32,Firewall,HQ,Critical
82,60,22,3.7,88,Firewall,HQ,Critical
97,68,36,1.4,41,Firewall,Datacenter,Critical
35,20,13,3.66,16,Firewall,Datacenter,Critical
11,40,43,2.57,80,Router,Branch Office,Warning
32,14,13,2.68,76,Switch,Datacenter,Warning
97,15,105,4.98,83,Switch,Branch Office,Critical
93,82,45,4.84,12,Router,Datacenter,Critical
76,88,116,2.11,78,Firewall,Branch Office,Critical
39,62,78,2.03,27,Firewall,Datacenter,Warning
71,38,36,1.73,33,Switch,Datacenter,Warning
87,59,51,1.77,54,Firewall,HQ,Critical
56,93,32,4.53,95,Firewall,Branch Office,Critical
21,82,119,1.91,49,Firewall,Branch Office,Critical
38,76,58,4.93,46,Router,Datacenter,Critical
65,56,65,2.13,11,Firewall,HQ,Warning
36,83,49,1.36,10,Switch,Datacenter,Warning
63,63,19,0.34,42,Router,Branch Office,Healthy
85,70,61,0.41,23,Router,Branch Office,Warning
10,87,76,1.08,24,Switch,Datacenter,Warning
89,73,60,0.1,35,Router,Branch Office,Critical
47,81,71,2.7,78,Router,Datacenter,Warning
6,20,52,3.24,16,Switch,Datacenter,Critical
24,39,50,1.32,56,Switch,Branch Office,Warning
67,20,22,2.47,66,Firewall,Datacenter,Warning
30,44,120,3.85,79,Firewall,HQ,Critical
51,11,77,3.75,78,Switch,HQ,Critical
88,24,88,4.34,91,Switch,HQ,Critical
20,26,40,4.83,85,Router,HQ,Critical
24,48,52,0.3,86,Router,Branch Office,Healthy
5,63,67,1.94,37,Switch,HQ,Warning
36,11,33,3.9,93,Firewall,Datacenter,Critical
22,36,75,3.88,90,Switch,Branch Office,Critical
21,15,14,1.4,68,Firewall,Datacenter,Warning
41,67,3,1.54,12,Switch,Datacenter,Warning
57,48,61,1.77,86,Switch,HQ,Warning
43,86,60,1.56,96,Switch,Branch Office,Warning
16,90,10,4.9,24,Firewall,HQ,Critical
68,62,26,2.45,72,Router,Datacenter,Warning
83,46,66,4.73,49,Firewall,HQ,Critical
50,15,39,3.49,40,Router,Branch Office,Critical
19,21,92,1.81,91,Firewall,Datacenter,Critical
70,52,26,1.1,64,Router,HQ,Warning
83,77,39,4.03,49,Firewall,HQ,Critical
92,12,67,3.3,49,Switch,Branch Office,Critical
42,21,97,0.67,75,Firewall,Datacenter,Critical
84,50,78,1.55,54,Switch,HQ,Warning
81,84,53,0.31,65,Router,HQ,Warning
67,40,33,4.58,57,Firewall,Branch Office,Critical
10,63,117,2.13,77,Router,HQ,Critical
24,64,80,2.15,24,Switch,HQ,Warning
53,94,94,1.44,93,Switch,HQ,Critical
19,58,78,0.62,12,Firewall,HQ,Warning
75,89,118,4.4,90,Router,Branch Office,Critical
35,37,25,0.85,42,Firewall,HQ,Healthy
40,84,109,2.13,22,Router,Branch Office,Critical
9,35,59,3.8,43,Router,Datacenter,Critical
8,80,44,1.18,24,Switch,HQ,Warning
13,62,5,4.89,56,Firewall,Branch Office,Critical
92,51,35,2.84,30,Firewall,Branch Office,Critical
31,85,7,0.72,78,Firewall,Branch Office,Warning
15,50,43,0.08,72,Firewall,HQ,Healthy
82,21,91,2.48,18,Switch,Datacenter,Critical
18,81,54,2.81,71,Router,Datacenter,Warning
47,73,77,0.38,60,Firewall,Branch Office,Warning
90,62,38,2.58,93,Firewall,Datacenter,Critical
18,55,30,0.01,50,Router,Branch Office,Healthy
34,62,36,4.95,29,Switch,Datacenter,Critical
61,27,63,4.68,38,Switch,Datacenter,Critical
57,58,114,3.49,54,Firewall,HQ,Critical
40,45,47,2.31,74,Router,Branch Office,Warning
79,48,47,2.46,18,Switch,HQ,Warning
18,27,8,4.39,58,Firewall,HQ,Critical
17,72,41,1.19,52,Router,HQ,Warning
94,51,23,3.74,71,Switch,Datacenter,Critical
54,76,5,1.67,75,Router,Branch Office,Warning
5,38,106,2.72,22,Firewall,Branch Office,Critical
92,30,69,1.7,90,Router,Datacenter,Critical
72,63,39,3.89,83,Firewall,Datacenter,Critical
40,67,16,2.35,68,Switch,Branch Office,Warning
37,34,96,1.95,59,Router,HQ,Critical
8,78,80,0.46,67,Router,Branch Office,Warning
16,10,30,3.35,50,Router,HQ,Critical
16,85,97,0.05,65,Router,Datacenter,Critical
85,33,8,4.72,91,Firewall,Datacenter,Critical
14,26,50,2.15,16,Switch,HQ,Warning
68,84,94,0.13,50,Router,Branch Office,Critical
76,63,19,2.47,46,Firewall,Datacenter,Warning
91,85,22,4.17,64,Router,Branch Office,Critical
49,20,36,1.45,47,Firewall,Datacenter,Warning
85,74,92,2.82,98,Firewall,Datacenter,Critical
94,70,90,4.89,16,Firewall,Datacenter,Critical
30,62,56,2.06,87,Firewall,Branch Office,Warning
26,20,51,2.2,63,Router,Branch Office,Warning
14,67,119,3.87,39,Switch,Datacenter,Critical
92,60,55,1.44,29,Firewall,Branch Office,Critical
43,88,65,4.5,27,Firewall,HQ,Critical
19,59,15,1.33,48,Switch,HQ,Warning
39,71,17,0.67,15,Switch,Branch Office,Warning
61,56,107,1.07,82,Switch,HQ,Critical
57,72,97,3.9,96,Firewall,HQ,Critical
85,82,115,0.87,18,Router,Branch Office,Critical
44,40,77,0.05,57,Switch,Branch Office,Warning
35,32,14,4.9,95,Firewall,Branch Office,Critical
52,42,61,2.23,64,Firewall,Datacenter,Warning
60,20,66,2.37,74,Router,Datacenter,Warning
98,78,57,4.31,59,Firewall,Branch Office,Critical
65,29,110,1.63,41,Switch,Datacenter,Critical
41,92,110,3.37,43,Firewall,HQ,Critical
51,47,73,4.04,48,Firewall,HQ,Critical
48,31,64,1.38,55,Firewall,Datacenter,Warning
18,21,103,3.63,33,Firewall,Branch Office,Critical
55,11,5,4.86,95,Switch,Datacenter,Critical
28,52,75,3.11,31,Switch,HQ,Critical
81,37,35,0.86,85,Firewall,Datacenter,Warning
45,85,13,2.67,93,Router,Branch Office,Warning
26,56,28,0.53,34,Firewall,HQ,Healthy
88,17,20,2.64,65,Firewall,Datacenter,Critical
95,61,107,3.83,44,Router,HQ,Critical
90,76,91,3.6,26,Router,Branch Office,Critical
98,25,22,1.03,36,Switch,Branch Office,Critical
42,57,100,4.79,87,Firewall,HQ,Critical
21,45,47,4.98,71,Switch,Branch Office,Critical
98,57,26,3.4,31,Firewall,HQ,Critical
89,40,6,3.44,53,Firewall,HQ,Critical
80,44,112,0.65,81,Switch,HQ,Critical
10,51,62,0.15,63,Firewall,Datacenter,Warning
89,63,70,1.48,96,Router,Branch Office,Critical
54,67,78,2.18,97,Router,Datacenter,Warning
5,68,79,4.01,61,Switch,Datacenter,Critical
22,10,24,2.0,57,Router,Branch Office,Warning
71,79,28,1.76,64,Switch,Datacenter,Warning
10,70,29,1.05,66,Firewall,HQ,Warning
10,60,35,4.53,14,Router,Datacenter,Critical
36,71,6,4.63,28,Switch,Branch Office,Critical
6,49,41,0.75,82,Router,Datacenter,Healthy
26,18,116,2.14,67,Switch,Datacenter,Critical
56,30,100,1.66,56,Switch,Branch Office,Critical
71,24,47,2.15,52,Switch,HQ,Warning
61,11,18,2.79,35,Firewall,HQ,Warning
65,16,120,3.94,14,Switch,Branch Office,Critical
25,57,9,4.71,36,Switch,Branch Office,Critical
90,34,59,2.23,45,Firewall,Branch Office,Critical
58,63,74,3.88,92,Router,HQ,Critical
74,25,6,1.36,86,Switch,Datacenter,Warning
28,54,48,3.04,99,Router,HQ,Critical
71,69,1,1.67,46,Firewall,Datacenter,Warning
28,95,115,0.93,81,Firewall,Branch Office,Critical
85,48,109,3.94,97,Router,HQ,Critical
43,46,44,0.54,36,Switch,Datacenter,Healthy
54,56,24,2.42,72,Firewall,Branch Office,Warning
57,90,56,0.97,83,Firewall,HQ,Warning
55,45,111,3.66,63,Switch,Branch Office,Critical
72,74,100,0.57,66,Firewall,Branch Office,Critical
43,42,90,4.26,45,Router,Branch Office,Critical
57,64,21,4.36,60,Router,Datacenter,Critical
54,37,11,2.31,28,Router,HQ,Warning
65,10,91,2.04,89,Router,Branch Office,Critical
48,64,117,1.14,67,Router,HQ,Critical
44,47,35,3.72,29,Router,Datacenter,Critical
85,12,94,0.51,80,Router,HQ,Critical
96,64,33,4.75,16,Switch,Datacenter,Critical
50,73,75,1.72,86,Router,HQ,Warning
60,12,63,0.01,20,Router,Datacenter,Warning
41,70,100,1.25,36,Switch,Branch Office,Critical
13,85,51,2.53,42,Router,Datacenter,Warning
80,34,103,2.87,68,Router,HQ,Critical
57,26,111,3.94,79,Router,HQ,Critical
59,51,38,2.34,60,Firewall,HQ,Warning
46,95,2,2.37,38,Router,Datacenter,Critical
54,88,55,3.57,17,Router,HQ,Critical
95,25,86,1.79,83,Router,Branch Office,Critical
53,12,95,1.27,15,Router,Datacenter,Critical
53,39,84,4.93,21,Switch,Branch Office,Critical
65,49,88,0.26,52,Firewall,Branch Office,Warning
42,50,109,2.78,30,Router,Datacenter,Critical
86,12,83,0.71,81,Switch,Branch Office,Critical
25,20,49,1.98,47,Switch,Branch Office,Warning
63,35,90,0.06,29,Switch,Branch Office,Warning
36,39,21,2.21,67,Router,Branch Office,Warning
96,23,82,2.63,64,Firewall,Datacenter,Critical
44,72,32,4.94,70,Switch,Branch Office,Critical
94,11,101,4.41,36,Firewall,Datacenter,Critical
92,64,35,4.92,36,Firewall,Branch Office,Critical
76,88,85,4.84,42,Firewall,Datacenter,Critical
71,81,36,2.87,85,Firewall,Datacenter,Warning
33,57,83,0.15,23,Switch,Branch Office,Warning
57,50,65,0.48,63,Router,HQ,Warning
35,80,4,2.64,38,Firewall,Datacenter,Warning
28,50,8,1.8,14,Router,HQ,Warning
49,90,50,0.56,29,Router,Branch Office,Warning
82,13,110,0.51,19,Router,HQ,Critical
12,64,97,0.43,34,Firewall,HQ,Critical
28,45,66,1.82,19,Router,Datacenter,Warning
47,66,52,2.98,41,Switch,Branch Office,Warning
16,55,102,0.89,16,Router,HQ,Critical
63,37,55,3.08,90,Firewall,Datacenter,Critical
6,89,20,2.08,52,Firewall,Branch Office,Warning
26,74,78,3.7,85,Switch,HQ,Critical
48,13,3,0.12,70,Firewall,Datacenter,Healthy
38,94,25,3.24,40,Firewall,Datacenter,Critical
20,34,12,1.24,74,Firewall,Datacenter,Warning
16,43,86,3.83,48,Firewall,Datacenter,Critical
76,81,56,2.08,14,Router,Datacenter,Warning
16,85,14,0.61,85,Firewall,HQ,Warning
41,55,60,2.69,69,Switch,Datacenter,Warning
91,95,57,3.27,38,Switch,HQ,Critical
66,69,63,1.73,69,Router,Branch Office,Warning
59,57,30,0.3,29,Router,Branch Office,Healthy
95,80,120,3.62,63,Router,Branch Office,Critical
72,35,83,4.69,30,Firewall,HQ,Critical
76,19,69,1.23,22,Router,HQ,Warning
53,60,42,3.71,99,Switch,Datacenter,Critical
21,73,55,4.47,49,Firewall,Datacenter,Critical
47,11,94,3.54,52,Firewall,HQ,Critical
17,54,8,1.46,42,Firewall,Datacenter,Warning
8,76,31,3.75,88,Router,Datacenter,Critical
75,15,4,4.95,67,Firewall,HQ,Critical
13,76,35,1.04,49,Router,Datacenter,Warning
78,66,95,4.43,21,Router,Datacenter,Critical
6,22,84,0.08,65,Firewall,Datacenter,Warning
26,63,67,1.02,24,Switch,Datacenter,Warning
21,55,53,1.34,33,Switch,Datacenter,Warning
44,93,7,2.43,12,Router,HQ,Critical
12,29,81,1.15,83,Firewall,HQ,Warning
60,55,51,3.44,28,Switch,Branch Office,Critical
80,45,6,1.94,62,Firewall,HQ,Warning
69,74,29,0.99,34,Router,HQ,Warning
53,19,117,3.75,72,Switch,Datacenter,Critical
46,46,74,3.45,98,Router,Branch Office,Critical
52,46,13,3.34,91,Router,Datacenter,Critical
39,77,13,4.97,45,Firewall,Datacenter,Critical
27,92,74,3.52,23,Firewall,HQ,Critical
13,10,64,4.33,14,Switch,Datacenter,Critical
74,10,46,3.95,49,Switch,HQ,Critical
95,59,31,3.89,22,Firewall,HQ,Critical
9,50,47,2.83,13,Switch,Branch Office,Warning
98,77,97,0.18,78,Firewall,Branch Office,Critical
21,44,97,3.63,80,Firewall,HQ,Critical
8,95,63,4.49,96,Firewall,Branch Office,Critical
62,81,51,2.16,59,Router,Branch Office,Warning
30,55,119,4.39,18,Switch,HQ,Critical
84,56,102,1.17,39,Router,Branch Office,Critical
59,32,81,4.74,55,Switch,HQ,Critical
95,15,80,4.05,23,Firewall,Datacenter,Critical
97,35,30,1.78,86,Switch,HQ,Critical
8,19,80,4.76,70,Router,Branch Office,Critical
74,56,56,4.4,49,Firewall,Datacenter,Critical
28,18,94,4.96,69,Firewall,Branch Office,Critical
45,87,78,1.72,87,Firewall,HQ,Warning
57,46,106,4.14,76,Router,Branch Office,Critical
5,53,85,1.11,75,Router,Datacenter,Warning
89,58,91,0.3,98,Switch,Datacenter,Critical
6,11,53,4.95,64,Firewall,Datacenter,Critical
69,13,76,3.65,72,Firewall,Datacenter,Critical
14,41,12,2.1,40,Switch,Branch Office,Warning
88,68,80,1.1,59,Switch,HQ,Critical
70,47,83,1.94,34,Firewall,Datacenter,Warning
72,15,13,4.62,21,Firewall,HQ,Critical
8,29,116,4.16,47,Router,Branch Office,Critical
71,67,28,0.66,62,Switch,HQ,Warning
45,48,109,3.16,82,Firewall,HQ,Critical
66,31,44,3.73,46,Firewall,Datacenter,Critical
52,28,8,0.84,36,Firewall,HQ,Healthy
41,52,55,1.42,85,Router,Datacenter,Warning
78,35,96,2.74,28,Firewall,HQ,Critical
40,69,37,3.66,53,Router,Datacenter,Critical
77,75,119,1.44,28,Switch,Branch Office,Critical
22,84,104,0.92,13,Switch,HQ,Critical
84,14,43,4.5,58,Firewall,Branch Office,Critical
34,87,103,1.75,73,Firewall,HQ,Critical
26,86,102,4.32,59,Firewall,Branch Office,Critical
81,62,36,1.83,80,Switch,Datacenter,Warning
34,31,65,2.64,52,Firewall,Datacenter,Warning
54,53,12,3.01,43,Router,HQ,Critical
48,64,58,3.04,33,Router,Datacenter,Critical
39,15,61,3.99,72,Firewall,HQ,Critical
31,41,26,2.52,78,Router,HQ,Warning
51,93,104,3.23,10,Router,Branch Office,Critical
43,38,85,4.64,80,Router,HQ,Critical
37,68,81,1.74,81,Switch,Branch Office,Warning
54,77,83,3.7,94,Switch,HQ,Critical
90,67,110,1.77,77,Firewall,HQ,Critical
33,84,49,4.56,67,Firewall,HQ,Critical
14,39,37,0.63,82,Firewall,Datacenter,Healthy
95,45,104,4.53,36,Router,HQ,Critical
17,80,44,1.22,88,Firewall,Datacenter,Warning
25,22,111,2.35,67,Switch,HQ,Critical
83,79,24,2.86,61,Switch,Datacenter,Warning
71,65,57,2.45,48,Router,HQ,Warning
77,71,32,0.06,73,Router,Branch Office,Warning
52,26,24,0.49,51,Switch,Datacenter,Healthy
9,35,105,4.59,65,Switch,Datacenter,Critical
26,46,49,4.54,39,Firewall,HQ,Critical
69,22,80,2.34,97,Router,Branch Office,Warning
43,94,59,0.65,65,Switch,HQ,Critical
22,94,113,2.9,59,Firewall,Datacenter,Critical
25,60,28,1.48,33,Firewall,Datacenter,Warning
98,60,21,1.62,65,Switch,Branch Office,Critical
74,90,113,1.48,32,Router,Branch Office,Critical
80,25,118,3.95,88,Switch,HQ,Critical
92,31,96,2.02,60,Router,Branch Office,Critical
9,18,38,1.77,45,Firewall,HQ,Warning
84,37,18,1.12,91,Router,HQ,Warning
11,79,117,4.18,46,Firewall,Datacenter,Critical
70,47,76,0.95,93,Router,Datacenter,Warning
28,17,78,2.91,16,Router,Datacenter,Warning
25,30,111,2.86,45,Switch,Branch Office,Critical
8,64,114,2.37,16,Switch,HQ,Critical
64,50,70,4.52,11,Router,HQ,Critical
23,80,65,4.1,80,Router,Branch Office,Critical
78,19,109,3.71,36,Switch,HQ,Critical
45,61,16,3.54,10,Router,Datacenter,Critical
78,19,28,4.73,33,Switch,Datacenter,Critical
58,92,9,2.77,68,Router,Datacenter,Critical
24,27,100,3.21,97,Switch,Datacenter,Critical
27,72,117,3.91,95,Switch,HQ,Critical
18,18,24,0.13,58,Firewall,Branch Office,Healthy
30,89,76,1.42,64,Router,Datacenter,Warning
9,14,104,3.2,61,Switch,Datacenter,Critical
23,65,85,2.21,33,Switch,Branch Office,Warning
64,53,64,4.28,74,Router,HQ,Critical
65,35,31,2.59,84,Switch,Datacenter,Warning
58,48,35,3.68,41,Firewall,Branch Office,Critical
71,41,92,3.87,49,Switch,Branch Office,Critical
96,12,1,1.67,99,Router,HQ,Critical
87,57,101,3.47,45,Firewall,HQ,Critical
76,66,30,0.72,54,Firewall,Branch Office,Warning
90,32,17,3.16,52,Firewall,Datacenter,Critical
94,13,99,2.5,37,Switch,HQ,Critical
67,29,99,2.58,98,Firewall,Branch Office,Critical
84,39,40,0.74,58,Switch,HQ,Warning
25,84,19,2.07,29,Router,Datacenter,Warning
13,31,90,4.01,38,Firewall,Branch Office,Critical
80,25,26,4.68,21,Switch,Branch Office,Critical
60,18,116,1.75,66,Router,HQ,Critical
25,66,75,3.24,96,Firewall,Branch Office,Critical
92,59,71,1.77,23,Switch,HQ,Critical
33,21,35,1.33,100,Router,HQ,Warning
81,64,112,4.24,23,Switch,HQ,Critical
68,20,90,2.2,78,Firewall,Datacenter,Warning
37,13,110,3.14,36,Firewall,Branch Office,Critical
76,63,23,4.77,82,Firewall,Branch Office,Critical
47,64,116,2.05,79,Switch,Datacenter,Critical
24,23,26,2.1,96,Router,Datacenter,Warning
24,39,32,3.89,39,Router,Branch Office,Critical
13,54,5,4.48,94,Router,Datacenter,Critical
52,48,81,2.84,48,Router,HQ,Warning
30,65,51,2.01,34,Firewall,Datacenter,Warning
78,18,46,4.9,28,Firewall,Datacenter,Critical
64,23,95,2.98,31,Switch,HQ,Critical
88,43,89,4.47,74,Firewall,Branch Office,Critical
57,12,34,3.06,53,Firewall,Datacenter,Critical
86,40,52,2.2,62,Router,Datacenter,Critical
81,59,6,4.19,14,Firewall,Datacenter,Critical
72,91,61,3.24,43,Firewall,HQ,Critical
36,48,84,0.98,24,Firewall,HQ,Warning
56,23,94,1.02,26,Switch,Datacenter,Critical
39,90,85,1.34,59,Firewall,Branch Office,Warning
46,87,59,3.09,88,Switch,Datacenter,Critical
89,33,71,4.24,12,Switch,Datacenter,Critical
42,82,12,1.71,96,Firewall,HQ,Warning
35,61,115,3.52,90,Router,Branch Office,Critical
7,51,35,2.01,44,Firewall,Branch Office,Warning
35,24,90,0.57,36,Switch,HQ,Warning
70,75,115,2.89,66,Router,Datacenter,Critical
17,80,57,2.23,45,Firewall,HQ,Warning
77,59,23,2.85,40,Switch,Datacenter,Warning
70,90,104,2.86,50,Switch,Branch Office,Critical
95,49,84,2.71,21,Router,Branch Office,Critical
16,66,8,1.66,30,Router,Datacenter,Warning
98,75,34,0.43,62,Firewall,Branch Office,Critical
59,32,98,1.23,62,Switch,HQ,Critical
73,48,117,2.81,19,Firewall,HQ,Critical
7,15,49,4.39,99,Switch,Datacenter,Critical
34,56,91,0.18,90,Router,Datacenter,Critical
27,15,42,1.26,19,Firewall,Datacenter,Warning
93,54,51,1.82,35,Firewall,Datacenter,Critical
93,72,114,4.63,89,Switch,Datacenter,Critical
20,41,25,3.12,59,Firewall,Datacenter,Critical
74,70,46,1.15,60,Firewall,HQ,Warning
68,50,25,3.04,87,Router,Branch Office,Critical
98,21,117,1.82,26,Router,HQ,Critical
59,69,117,1.22,32,Router,HQ,Critical
73,29,61,1.31,18,Router,Datacenter,Warning
15,73,82,2.11,46,Switch,HQ,Warning
88,79,77,3.09,50,Firewall,HQ,Critical
86,35,92,1.98,38,Switch,Datacenter,Critical
65,24,53,4.04,51,Router,Branch Office,Critical
33,13,90,2.59,41,Router,HQ,Warning
27,39,92,1.08,32,Firewall,Datacenter,Critical
95,58,52,1.12,92,Router,Branch Office,Critical
79,23,49,0.36,88,Router,Datacenter,Warning
48,26,66,2.38,90,Firewall,Datacenter,Warning
78,24,44,3.17,75,Switch,Branch Office,Critical
17,53,45,1.64,86,Firewall,Branch Office,Warning
74,81,81,2.49,76,Router,Branch Office,Warning
34,10,48,3.67,60,Switch,Datacenter,Critical
15,49,30,0.56,84,Firewall,Datacenter,Healthy
71,62,41,2.68,60,Switch,Datacenter,Warning
51,63,100,0.77,37,Firewall,Branch Office,Critical
16,90,61,3.38,11,Firewall,Datacenter,Critical
33,89,36,2.69,68,Firewall,HQ,Warning
79,45,77,4.18,44,Router,Datacenter,Critical
32,40,65,0.14,79,Switch,HQ,Warning
55,55,82,1.84,10,Firewall,Branch Office,Warning
90,50,25,3.26,51,Router,HQ,Critical
82,61,72,3.97,15,Router,Datacenter,Critical
52,81,48,3.89,37,Switch,HQ,Critical
29,47,88,0.31,75,Router,Datacenter,Warning
45,46,24,2.97,68,Router,Branch Office,Warning
19,11,36,4.94,36,Router,Datacenter,Critical
85,73,35,3.67,82,Router,Datacenter,Critical
31,78,55,4.13,94,Router,Branch Office,Critical
43,16,93,1.08,31,Firewall,HQ,Critical
82,70,119,4.59,38,Firewall,HQ,Critical
42,69,37,2.11,11,Router,Datacenter,Warning
63,91,5,2.79,80,Switch,HQ,Critical
75,12,120,1.55,56,Firewall,HQ,Critical
21,74,107,2.25,13,Firewall,HQ,Critical
7,52,40,3.55,67,Router,Branch Office,Critical
55,54,44,0.88,50,Switch,Datacenter,Healthy
62,43,89,0.17,52,Router,Datacenter,Warning
74,13,22,0.41,81,Router,Datacenter,Warning
81,41,99,2.47,36,Switch,Datacenter,Critical
57,29,1,0.34,87,Switch,Datacenter,Healthy
19,80,48,4.23,20,Router,Datacenter,Critical
51,15,97,3.26,25,Router,Branch Office,Critical
32,25,43,1.74,93,Switch,HQ,Warning
35,39,55,4.47,65,Router,HQ,Critical
31,40,94,0.82,97,Switch,HQ,Critical
46,46,88,2.04,91,Router,Datacenter,Warning
52,84,30,3.51,99,Firewall,Datacenter,Critical
52,31,87,3.31,48,Router,HQ,Critical
36,86,113,4.37,57,Router,Datacenter,Critical
14,80,101,3.57,39,Switch,Datacenter,Critical
76,21,109,1.38,10,Router,Branch Office,Critical
30,90,29,2.57,38,Router,Branch Office,Warning
78,95,89,4.5,53,Switch,Datacenter,Critical
84,30,52,0.43,28,Router,Datacenter,Warning
22,36,36,2.47,54,Router,HQ,Warning
30,36,113,1.89,25,Switch,HQ,Critical
15,80,108,0.38,85,Router,HQ,Critical
10,64,40,1.94,37,Router,Branch Office,Warning
21,85,117,3.55,39,Firewall,Datacenter,Critical
36,63,101,3.12,52,Switch,Datacenter,Critical
50,67,61,1.75,29,Switch,HQ,Warning
9,43,95,2.79,37,Firewall,HQ,Critical
77,20,72,2.89,17,Firewall,Datacenter,Warning
44,84,110,3.9,65,Switch,Branch Office,Critical
79,50,63,4.14,59,Firewall,Branch Office,Critical
8,44,90,2.98,23,Firewall,HQ,Warning
68,51,33,3.92,76,Router,Branch Office,Critical
59,13,109,1.35,70,Switch,HQ,Critical
68,76,96,4.88,27,Switch,HQ,Critical
97,18,30,0.17,100,Firewall,Datacenter,Critical
23,61,61,2.85,94,Switch,Datacenter,Warning
72,76,58,4.45,35,Switch,HQ,Critical
39,14,10,3.97,99,Router,HQ,Critical
22,26,76,0.19,82,Switch,Branch Office,Warning
23,81,61,3.17,33,Router,Branch Office,Critical
16,18,25,1.54,18,Switch,HQ,Warning
5,51,93,0.83,91,Firewall,Branch Office,Critical
69,10,79,4.62,63,Firewall,Datacenter,Critical
18,87,81,3.43,71,Router,Datacenter,Critical
44,17,43,1.73,55,Router,Datacenter,Warning
17,40,33,3.78,46,Switch,HQ,Critical
86,19,12,4.51,20,Router,Branch Office,Critical
58,82,65,3.69,48,Firewall,Branch Office,Critical
75,41,11,0.83,43,Switch,HQ,Warning
31,83,58,4.97,55,Firewall,HQ,Critical
98,43,54,4.96,13,Firewall,HQ,Critical
18,12,44,0.07,78,Switch,Datacenter,Healthy
73,86,29,4.4,84,Switch,HQ,Critical
46,71,94,1.94,11,Firewall,Datacenter,Critical
90,43,47,0.87,36,Router,Datacenter,Critical
96,78,115,4.65,78,Switch,Datacenter,Critical
85,55,37,0.01,27,Firewall,Branch Office,Warning
6,88,92,1.23,20,Firewall,Datacenter,Critical
30,72,99,3.16,61,Firewall,Branch Office,Critical
22,38,31,2.29,52,Switch,HQ,Warning
69,71,78,1.44,91,Router,HQ,Warning
7,90,59,0.96,12,Firewall,Datacenter,Warning
14,68,82,0.45,27,Firewall,HQ,Warning
86,33,68,0.16,79,Router,Branch Office,Critical
70,40,108,4.77,70,Firewall,HQ,Critical
91,78,92,0.19,62,Switch,Datacenter,Critical
94,37,114,4.89,53,Router,HQ,Critical
66,15,14,3.2,69,Switch,HQ,Critical
35,19,34,3.51,58,Router,Branch Office,Critical
49,37,54,4.19,93,Router,Datacenter,Critical
89,23,100,2.05,37,Router,HQ,Critical
13,42,64,2.75,96,Firewall,HQ,Warning
14,54,61,4.5,81,Router,Branch Office,Critical
18,48,108,4.39,15,Firewall,Branch Office,Critical
31,70,32,4.85,20,Router,HQ,Critical
46,85,74,3.55,78,Firewall,Branch Office,Critical
91,21,6,0.73,68,Router,HQ,Critical
76,61,48,2.3,28,Firewall,Datacenter,Warning
96,12,89,3.63,12,Router,Datacenter,Critical
15,24,109,4.57,83,Firewall,Branch Office,Critical
70,40,1,1.27,58,Firewall,Datacenter,Warning
27,43,120,2.25,16,Router,HQ,Critical
69,38,85,1.93,95,Firewall,Branch Office,Warning
31,68,116,1.02,84,Firewall,Datacenter,Critical
33,56,34,4.36,71,Router,Datacenter,Critical
60,62,108,4.86,88,Router,HQ,Critical
49,81,39,3.85,90,Router,Branch Office,Critical
71,86,90,0.68,21,Firewall,Branch Office,Warning
44,32,99,4.18,73,Router,Branch Office,Critical
62,52,100,3.04,15,Firewall,Datacenter,Critical
49,41,8,1.82,50,Router,Datacenter,Warning
98,11,28,2.24,88,Switch,Datacenter,Critical
13,24,25,3.63,69,Switch,Branch Office,Critical
87,64,21,4.67,47,Firewall,HQ,Critical
6,74,73,0.85,83,Router,Branch Office,Warning
23,44,119,1.42,74,Firewall,Branch Office,Critical
12,73,67,4.45,56,Switch,HQ,Critical
73,25,54,3.95,32,Firewall,HQ,Critical
69,66,102,2.66,35,Router,HQ,Critical
30,92,47,3.34,98,Router,Branch Office,Critical
86,88,22,4.96,31,Switch,Datacenter,Critical
12,73,56,4.9,100,Router,Branch Office,Critical
83,22,28,2.79,20,Switch,Datacenter,Warning
77,17,102,4.38,92,Router,Branch Office,Critical
66,86,117,4.59,21,Firewall,Branch Office,Critical
66,27,10,0.15,62,Switch,HQ,Warning
48,80,2,2.1,56,Firewall,Branch Office,Warning
57,95,7,1.26,39,Firewall,HQ,Critical
61,80,57,1.43,67,Router,Datacenter,Warning
70,60,93,3.23,10,Router,HQ,Critical
7,91,47,1.32,15,Firewall,Branch Office,Critical
74,76,79,1.72,36,Router,Datacenter,Warning
53,58,77,2.06,59,Switch,Datacenter,Warning
74,32,15,4.55,71,Firewall,HQ,Critical
30,30,98,1.91,97,Firewall,Branch Office,Critical
58,87,96,0.56,15,Router,HQ,Critical
78,72,24,2.0,27,Firewall,Datacenter,Warning
13,60,43,3.84,74,Router,Branch Office,Critical
94,40,30,1.17,80,Router,Branch Office,Critical
39,69,15,4.64,15,Firewall,HQ,Critical
67,75,112,0.14,51,Firewall,HQ,Critical
25,76,64,2.97,41,Router,HQ,Warning
78,36,109,3.69,89,Firewall,Datacenter,Critical
28,20,89,3.62,66,Firewall,HQ,Critical
75,65,16,2.2,56,Switch,Datacenter,Warning
23,72,26,1.86,81,Switch,Branch Office,Warning
34,61,106,2.8,12,Switch,Datacenter,Critical
93,68,73,1.06,86,Firewall,Datacenter,Critical
60,32,26,3.53,90,Router,HQ,Critical
70,33,86,0.65,77,Firewall,HQ,Warning
14,38,55,0.55,42,Firewall,Datacenter,Healthy
62,18,58,1.32,99,Router,Datacenter,Warning
79,27,69,0.6,26,Firewall,Branch Office,Warning
83,84,93,2.05,58,Switch,Branch Office,Critical
74,41,3,2.27,86,Firewall,Branch Office,Warning
29,39,44,2.42,23,Switch,HQ,Warning
51,14,29,2.34,97,Firewall,Datacenter,Warning
5,54,34,4.83,28,Firewall,Branch Office,Critical
96,83,57,4.88,92,Router,HQ,Critical
57,24,95,4.37,18,Switch,Branch Office,Critical
90,31,16,2.74,75,Router,Datacenter,Critical
11,44,62,3.59,10,Router,Datacenter,Critical
68,32,100,1.61,93,Router,HQ,Critical
94,94,46,0.67,63,Switch,Datacenter,Critical
76,88,89,3.63,88,Firewall,HQ,Critical
67,18,33,2.91,85,Switch,HQ,Warning
39,92,80,2.39,73,Switch,HQ,Critical
6,46,117,0.58,90,Firewall,Branch Office,Critical
77,29,108,1.02,18,Router,Datacenter,Critical
63,32,6,1.77,95,Firewall,Branch Office,Warning
46,34,44,1.49,98,Firewall,HQ,Warning
16,30,74,2.1,62,Firewall,Branch Office,Warning
55,16,23,2.64,37,Switch,HQ,Warning
91,33,59,2.87,60,Firewall,Branch Office,Critical
76,61,11,1.31,43,Switch,HQ,Warning
9,61,10,0.73,11,Firewall,Datacenter,Healthy
16,77,59,4.74,25,Router,Datacenter,Critical
66,47,54,1.42,73,Router,Branch Office,Warning
10,64,26,4.31,61,Router,Branch Office,Critical
49,66,109,4.83,24,Firewall,HQ,Critical
25,50,102,4.14,89,Router,Branch Office,Critical
69,61,55,1.67,25,Switch,HQ,Warning
98,23,30,3.97,63,Router,Datacenter,Critical
35,59,97,1.18,99,Firewall,Branch Office,Critical
29,75,65,4.34,51,Switch,HQ,Critical
41,57,75,4.13,31,Firewall,Datacenter,Critical
92,77,87,4.13,30,Firewall,HQ,Critical
17,94,53,3.67,15,Firewall,Branch Office,Critical
96,95,116,0.46,92,Firewall,HQ,Critical
79,15,21,1.66,67,Switch,HQ,Warning
87,70,114,0.54,50,Router,Datacenter,Critical
87,69,29,1.51,14,Switch,HQ,Critical
14,82,30,2.82,61,Switch,HQ,Warning
74,70,10,4.66,60,Switch,Datacenter,Critical
7,61,27,3.51,98,Router,Branch Office,Critical
13,65,18,2.53,90,Switch,Datacenter,Warning
34,51,35,4.52,82,Switch,Datacenter,Critical
7,19,10,4.97,25,Router,Branch Office,Critical
32,58,110,1.91,41,Firewall,Branch Office,Critical
74,67,109,0.86,53,Router,HQ,Critical
65,84,88,2.06,79,Firewall,Branch Office,Warning
76,90,49,0.33,59,Firewall,HQ,Warning
70,44,90,2.24,11,Firewall,HQ,Warning
18,19,57,1.99,69,Router,HQ,Warning
43,86,5,2.98,45,Firewall,Branch Office,Warning
51,24,48,1.32,21,Router,HQ,Warning
11,12,1,0.87,42,Router,Branch Office,Healthy
91,79,67,0.26,40,Router,HQ,Critical
36,62,2,4.25,50,Router,HQ,Critical
86,41,48,2.01,88,Firewall,HQ,Critical
60,87,34,3.37,50,Firewall,Datacenter,Critical
71,60,21,0.72,55,Router,Datacenter,Warning
61,86,120,3.98,35,Firewall,Branch Office,Critical
26,23,7,3.77,39,Router,Branch Office,Critical
38,63,26,2.87,23,Firewall,Branch Office,Warning
81,58,107,2.79,28,Firewall,Branch Office,Critical
55,45,54,2.63,40,Router,Branch Office,Warning
68,94,24,1.49,58,Firewall,Datacenter,Critical
5,50,23,1.32,56,Router,Branch Office,Warning
7,84,71,4.98,43,Switch,Branch Office,Critical
63,53,55,0.01,21,Router,Branch Office,Healthy
31,63,35,4.12,16,Router,Branch Office,Critical
19,91,64,2.31,27,Router,Datacenter,Critical
69,58,113,1.9,35,Switch,HQ,Critical
16,43,97,1.22,97,Router,Datacenter,Critical
70,14,113,2.82,56,Switch,HQ,Critical
75,30,1,2.63,35,Router,HQ,Warning
47,24,81,2.99,52,Switch,Branch Office,Warning
85,44,10,0.42,95,Router,Datacenter,Warning
97,49,19,3.14,57,Switch,Datacenter,Critical
59,18,100,3.37,87,Router,Datacenter,Critical
23,62,86,4.3,53,Router,HQ,Critical
59,71,119,2.61,26,Router,Branch Office,Critical
92,37,20,3.37,82,Switch,Branch Office,Critical
25,22,39,0.26,94,Switch,Branch Office,Healthy
49,69,83,4.17,54,Firewall,Datacenter,Critical
80,62,91,0.46,54,Firewall,HQ,Critical
28,18,81,1.14,62,Router,HQ,Warning
44,57,56,2.71,100,Firewall,Datacenter,Warning
23,89,100,1.39,39,Firewall,HQ,Critical
86,51,89,1.92,91,Firewall,Datacenter,Critical
21,27,71,0.86,21,Router,Branch Office,Warning
50,25,80,1.11,99,Switch,Datacenter,Warning
60,58,103,0.3,38,Router,Branch Office,Critical
63,84,65,4.24,35,Switch,Datacenter,Critical
28,56,36,4.33,60,Router,Branch Office,Critical
91,49,7,4.09,18,Router,HQ,Critical
77,83,42,1.36,54,Firewall,Datacenter,Warning
65,67,83,4.02,71,Switch,Datacenter,Critical
16,28,120,0.03,47,Router,Branch Office,Critical
90,17,14,1.07,92,Firewall,Datacenter,Critical
74,94,96,3.96,39,Router,Branch Office,Critical
20,49,32,2.63,77,Switch,Datacenter,Warning
47,90,35,1.86,61,Router,Datacenter,Warning
10,20,22,4.92,59,Firewall,Branch Office,Critical
12,38,45,0.62,56,Router,HQ,Healthy
10,65,111,2.5,15,Router,Datacenter,Critical
44,33,36,4.76,41,Firewall,Datacenter,Critical
59,28,39,4.59,42,Firewall,Datacenter,Critical
11,37,43,4.8,72,Firewall,HQ,Critical
13,47,36,4.27,100,Router,Branch Office,Critical
31,58,95,2.38,46,Switch,HQ,Critical
82,30,52,4.8,65,Router,Datacenter,Critical
24,77,9,4.29,48,Firewall,HQ,Critical
5,94,78,2.84,17,Router,Datacenter,Critical
57,79,70,1.65,62,Switch,Datacenter,Warning
21,74,34,2.69,28,Firewall,HQ,Warning
96,65,89,0.24,89,Switch,HQ,Critical
62,32,117,4.6,71,Router,Branch Office,Critical
61,93,84,0.07,44,Firewall,Datacenter,Critical
95,60,22,4.19,32,Router,Branch Office,Critical
61,38,113,1.06,35,Router,Branch Office,Critical
67,55,93,3.53,65,Switch,Branch Office,Critical
28,77,69,2.61,83,Firewall,Branch Office,Warning
38,43,34,4.37,35,Router,Branch Office,Critical
28,58,31,0.05,72,Firewall,Branch Office,Healthy
81,28,103,3.68,10,Switch,Datacenter,Critical
90,12,80,3.33,20,Firewall,HQ,Critical
39,77,21,3.62,62,Switch,Branch Office,Critical
88,11,91,2.53,29,Switch,Branch Office,Critical
91,57,106,0.65,100,Firewall,Branch Office,Critical
12,33,109,2.03,90,Switch,HQ,Critical
17,61,39,4.82,93,Firewall,HQ,Critical
38,38,83,0.38,29,Firewall,HQ,Warning
81,37,111,0.75,46,Firewall,HQ,Critical
10,33,13,0.19,76,Switch,Datacenter,Healthy
23,14,12,2.66,100,Router,Branch Office,Warning
81,17,111,2.89,20,Router,HQ,Critical
64,85,98,3.14,47,Switch,Datacenter,Critical
80,28,54,3.9,10,Switch,Datacenter,Critical
17,87,73,2.66,32,Firewall,Branch Office,Warning
25,11,14,3.73,25,Switch,HQ,Critical
79,13,76,4.55,33,Router,Datacenter,Critical
92,53,88,0.38,52,Router,HQ,Critical
46,52,96,2.33,44,Switch,Branch Office,Critical
40,73,6,0.94,68,Router,Datacenter,Warning
90,27,101,0.57,91,Router,Branch Office,Critical
7,85,40,1.96,76,Switch,Datacenter,Warning
10,88,40,0.48,64,Switch,Branch Office,Warning
69,55,81,0.22,81,Router,HQ,Warning
62,60,48,4.96,67,Firewall,Datacenter,Critical
32,32,59,1.27,16,Router,Datacenter,Warning
19,90,117,0.21,78,Router,HQ,Critical
55,36,67,4.38,57,Router,Branch Office,Critical
38,52,77,0.43,31,Switch,Branch Office,Warning
86,75,9,1.76,30,Router,Datacenter,Critical
68,13,5,2.46,87,Router,Datacenter,Warning
50,16,35,3.33,82,Switch,HQ,Critical
39,63,4,1.81,93,Firewall,Datacenter,Warning
87,34,58,0.54,41,Router,Branch Office,Critical
72,55,101,4.05,39,Router,HQ,Critical
10,84,111,2.19,45,Switch,Branch Office,Critical
92,59,1,3.85,69,Router,Branch Office,Critical
78,13,96,0.37,27,Firewall,Datacenter,Critical
49,48,51,4.26,74,Router,Branch Office,Critical
22,80,120,3.27,13,Firewall,Datacenter,Critical
21,18,40,1.69,69,Router,HQ,Warning
26,59,112,0.29,71,Switch,HQ,Critical
71,33,14,4.48,15,Switch,HQ,Critical
67,13,17,4.37,70,Switch,Branch Office,Critical
42,46,92,2.47,68,Firewall,HQ,Critical
48,19,7,0.64,68,Router,Datacenter,Healthy
89,47,95,2.09,45,Firewall,Branch Office,Critical
10,43,77,1.62,84,Switch,HQ,Warning
25,22,10,0.33,79,Switch,Branch Office,Healthy
42,87,82,3.97,57,Firewall,Branch Office,Critical
30,14,65,4.0,48,Switch,HQ,Critical
6,58,24,2.16,47,Firewall,Datacenter,Warning
75,64,14,3.48,97,Router,HQ,Critical
40,89,28,1.55,42,Switch,Datacenter,Warning
49,34,55,0.14,99,Firewall,Datacenter,Healthy
32,43,80,4.87,76,Router,Datacenter,Critical
21,47,119,0.94,57,Firewall,Branch Office,Critical
46,51,50,1.15,91,Switch,HQ,Warning
68,84,96,4.77,72,Router,Branch Office,Critical
49,87,4,3.95,45,Router,HQ,Critical
87,13,73,1.15,24,Router,Branch Office,Critical
48,72,37,4.19,57,Firewall,Datacenter,Critical
47,16,62,3.14,19,Switch,Branch Office,Critical
38,34,102,3.14,83,Firewall,Branch Office,Critical
57,53,11,2.83,43,Switch,HQ,Warning
47,26,106,1.48,19,Switch,Datacenter,Critical
53,15,86,1.45,56,Firewall,HQ,Warning
92,39,63,4.45,29,Router,HQ,Critical
20,91,21,5.0,78,Router,Branch Office,Critical
80,16,17,3.32,10,Router,HQ,Critical
59,72,88,1.5,37,Firewall,Branch Office,Warning
81,59,21,2.32,56,Firewall,HQ,Warning
82,13,8,0.11,76,Router,HQ,Warning
71,33,29,3.82,70,Firewall,HQ,Critical
28,12,40,2.38,36,Switch,HQ,Warning
90,45,39,4.78,61,Router,Branch Office,Critical
75,35,102,1.87,93,Router,HQ,Critical
77,14,81,3.37,37,Router,Datacenter,Critical
28,55,71,4.82,97,Switch,Branch Office,Critical
45,21,32,1.74,57,Router,HQ,Warning
16,57,119,0.81,10,Switch,Branch Office,Critical
40,57,86,2.82,57,Router,Datacenter,Warning
75,10,95,4.23,20,Router,Datacenter,Critical
